url,registration_date,nexus_category,status_code,final_url,title,description,image
gsr.nyc,10/09/2014 07:00:31 PM,INDIV,200,https://gsr.nyc,Not found,Not found,Not found
phuctran.nyc,10/08/2015 01:48:23 AM,ORG,403,https://phuctran.nyc,403 Forbidden,Not found,Not found
moniker.nyc,01/28/2017 01:58:31 PM,INDIV,200,https://moniker.nyc,Not found,Not found,Not found
brooklynramen.nyc,01/30/2016 08:07:15 AM,ORG,403,https://brooklynramen.nyc,403 Forbidden,Not found,Not found
offtherecord.nyc,04/01/2021 09:28:06 PM,INDIV,200,https://thefineprintnyc.com/,The Fine Print - Reporting on the Media Industry in New York City,"The Fine Print is an email newsletter reporting on the New York City media community, published by Gabriel Snyder and reported by Andrew Fedorov. If you know something we should know, reach out to us at tips@thefineprintnyc.com.",https://thefineprintnyc.com/wp-content/themes/otr/images/the-fine-print-social.png
financialadvisors.nyc,10/07/2016 04:45:38 PM,ORG,Error,Error,Error,Error,Error
ishares.nyc,06/20/2014 03:11:38 PM,ORG,Error,Error,Error,Error,Error
gothambets.nyc,03/19/2015 07:14:00 PM,ORG,200,https://gothambets.nyc,Not found,Not found,Not found
eruditacademy.nyc,03/28/2024 04:02:23 PM,INDIV,Error,Error,Error,Error,Error
thisisharlem.nyc,09/12/2015 02:23:14 PM,INDIV,200,https://thisisharlem.nyc,Not found,Not found,Not found
davidgordon.nyc,10/08/2014 03:00:08 PM,ORG,200,https://davidgordon.nyc,Welcome to David Gordon Archiveography | David Gordon Archiveography,Not found,Not found
leahmade.nyc,12/16/2014 06:27:07 PM,INDIV,200,https://leahmade.nyc,Not found,Not found,Not found
thechurchin.nyc,07/31/2020 08:19:22 PM,ORG,Error,Error,Error,Error,Error
democrats.nyc,05/21/2017 08:06:24 PM,INDIV,200,https://socialists.nyc/,New York City Democratic Socialists of America (DSA),"We are NYC's leading socialist organization, winning electoral and legislative fights for the multiracial working class. Join our movement today!",https://socialists.nyc/wp-content/uploads/2024/11/NYC-DSA_ShareImage.png
samhopkins.nyc,07/19/2024 05:41:53 AM,INDIV,200,https://samhopkins.nyc,samhopkins.nyc - samhopkins Resources and Information.,"samhopkins.nyc is your first and best source for all of the information you’re looking for. From general topics to more of what you would expect to find here, samhopkins.nyc has it all. We hope you find what you are searching for!",Not found
doughnuts.nyc,09/20/2018 05:14:50 PM,ORG,Error,Error,Error,Error,Error
outdoorkitchendesigner.nyc,10/08/2014 03:01:03 PM,ORG,503,http://www.outdoorkitchendesignstore.net/pages/welcome.asp,Service Unavailable,Not found,Not found
the-dannys.nyc,07/04/2019 11:44:45 AM,ORG,Error,Error,Error,Error,Error
work-naturally-vornado.nyc,02/06/2024 03:51:12 PM,ORG,403,https://work-naturally-vornado.nyc,Not found,Not found,Not found
newyorkhotels.nyc,06/16/2017 03:34:27 PM,ORG,200,https://newyorkhotels.nyc,Not found,Not found,Not found
adamford.nyc,02/19/2015 02:42:36 PM,INDIV,403,https://adamford.nyc,403 Forbidden,Not found,Not found
flatironhouse.nyc,12/01/2016 03:20:05 AM,INDIV,Error,Error,Error,Error,Error
parkingservice.nyc,01/16/2015 12:02:31 AM,ORG,200,https://parkingservice.nyc,Not found,Not found,Not found
cozyoasis.nyc,06/09/2015 01:07:05 AM,INDIV,404,https://cozyoasis.nyc,,,Not found
waterfrontgreenway.nyc,10/24/2014 11:10:29 PM,ORG,200,https://waterfrontgreenway.nyc,Not found,Not found,Not found
boutiquelinen.nyc,11/30/2017 04:25:08 PM,ORG,404,https://www.gwblinen.com/,,,Not found
shareef.nyc,04/18/2021 11:19:48 PM,INDIV,Error,Error,Error,Error,Error
palate.nyc,06/29/2022 04:39:22 PM,ORG,Error,Error,Error,Error,Error
justshot.nyc,03/21/2017 05:29:29 PM,ORG,200,https://justshot.nyc,Not found,Not found,Not found
manhattansidewalk.nyc,10/23/2014 03:21:34 PM,ORG,200,https://manhattansidewalk.nyc,manhattansidewalk.nyc - manhattansidewalk Resources and Information.,manhattansidewalk.nyc is your first and best source for information about manhattansidewalk. Here you will also find topics relating to issues of general interest. We hope you find what you are looking for!,Not found
magnumphotos.nyc,04/12/2020 04:16:24 AM,ORG,Error,Error,Error,Error,Error
rapidtest.nyc,09/14/2020 12:00:35 AM,ORG,200,https://www.rapidtest.nyc/,Rapid Test NYC | Rapid COVID Test | New York City,Rapid Test NYC is NYC's premier rapid COVID testing center. Get fast results from the leading professionals in the safest environment.,Not found
drmonalisa.nyc,07/09/2015 02:01:52 PM,ORG,200,https://drmonalisa.nyc,Not found,Not found,Not found
publicadjuster.nyc,04/30/2019 02:07:24 PM,ORG,Error,Error,Error,Error,Error
flirts.nyc,02/18/2024 06:56:50 PM,ORG,Error,Error,Error,Error,Error
saladbowl.nyc,10/03/2014 03:49:23 PM,INDIV,Error,Error,Error,Error,Error
marketing361.nyc,04/21/2015 03:01:00 PM,ORG,200,https://marketing361.nyc,Not found,Not found,Not found
digital-signage.nyc,02/26/2024 03:35:38 PM,ORG,200,https://digital-signage.nyc,Digital Signage NYC,Not found,Not found
acrossthepond.nyc,05/14/2019 08:51:03 PM,ORG,403,https://acrossthepond.nyc,403 Forbidden,Not found,Not found
tothecube.nyc,12/30/2014 06:33:01 PM,INDIV,200,https://tothecube.nyc,Not found,Not found,Not found
breinholt.nyc,10/08/2014 03:00:29 PM,INDIV,Error,Error,Error,Error,Error
carson.nyc,12/20/2016 07:02:21 PM,INDIV,Error,Error,Error,Error,Error
speedpro.nyc,10/05/2018 09:55:02 PM,ORG,Error,Error,Error,Error,Error
zoza.nyc,01/03/2022 08:58:07 AM,INDIV,Error,Error,Error,Error,Error
discounttravel.nyc,10/08/2014 03:50:34 PM,INDIV,200,https://www.discounttravel.nyc/,DISCOUNTTRAVEL.NYC,DISCOUNTTRAVEL.NYC - Contact us for any business inquiries,Not found
posible.nyc,08/04/2021 01:12:30 AM,INDIV,200,https://posible.nyc,Not found,Not found,Not found
aclipse.nyc,01/04/2017 06:06:11 AM,INDIV,200,https://aclipse.nyc,Not found,Not found,Not found
kenp.nyc,03/05/2023 07:16:19 AM,INDIV,403,https://kenp.nyc,403 Forbidden,Not found,Not found
printmafia.nyc,10/01/2021 10:15:47 PM,ORG,200,https://printmafia.nyc,Print Mafia NYC,"Print Mafia NYC is New York City's premier garment printing service. Located in Williamsburg Brooklyn, Print Mafia's services include, Direct to Garment (DTG), screen printing, embroidery, and much more.",Not found
pugbag.nyc,03/21/2024 05:23:46 PM,INDIV,Error,Error,Error,Error,Error
johnrkelly.nyc,02/17/2015 08:28:59 PM,INDIV,200,https://johnrkelly.nyc,Not found,Not found,Not found
cancel.nyc,11/13/2024 09:35:05 PM,INDIV,200,https://cancel.nyc,Not found,Not found,Not found
vegetable.nyc,10/03/2014 03:37:06 PM,INDIV,200,https://vegetable.nyc,Not found,Not found,Not found
chee.nyc,01/29/2024 01:49:32 PM,INDIV,Error,Error,Error,Error,Error
wetandwildescorts.nyc,06/28/2015 05:55:12 AM,ORG,200,https://wetandwildescorts.nyc,Not found,Not found,Not found
passerby.nyc,09/06/2019 03:45:47 PM,INDIV,200,https://passerby.nyc,Not found,Not found,Not found
uxworks.nyc,10/14/2023 11:40:31 AM,INDIV,200,https://uxworks.nyc,Not found,Not found,Not found
luke.nyc,11/04/2014 05:55:19 PM,INDIV,200,https://www.watsonway.com/,Luke Watson - Content & Media Innovation,"You've found Luke Watson! He's a media, technology, and marketing professional that has worked on plenty of fun, high-profile projects. Ask about them!",https://www.watsonway.com/uploads/5/4/4/3/54437953/published/1b.jpg?1611067155
buzz.nyc,10/10/2016 07:00:00 PM,ORG,200,https://buzz.nyc,Not found,Not found,Not found
labelmaker.nyc,07/02/2018 07:23:54 PM,INDIV,200,https://labelmaker.nyc,LABEL MAKER NYC,"Label Maker is an award-winning creative agency rooted in collaboration.

Specializing in brand building and focused on delivering top-tier creative work centered around strategy, identity, voice, and motion.",Not found
brooklynruns.nyc,04/10/2018 03:46:27 PM,ORG,404,https://brooklynruns.nyc,,,Not found
sublination.nyc,08/11/2023 04:16:50 PM,INDIV,Error,Error,Error,Error,Error
phitnyc.nyc,03/13/2015 08:13:08 PM,ORG,Error,Error,Error,Error,Error
royalchains.nyc,07/20/2020 11:30:06 PM,ORG,Error,Error,Error,Error,Error
itops.nyc,10/08/2014 03:15:51 PM,ORG,Error,Error,Error,Error,Error
commerciallawyers.nyc,10/08/2014 03:00:57 PM,INDIV,200,https://commerciallawyers.nyc,Not found,Not found,Not found
ashleytstark.nyc,01/16/2017 02:10:11 PM,ORG,Error,Error,Error,Error,Error
ontheuws.nyc,06/13/2022 07:51:34 PM,ORG,200,https://ontheuws.nyc,Not found,Not found,Not found
realestatenewyorkcity.nyc,11/16/2014 08:40:25 AM,ORG,500,https://realestatenewyorkcity.nyc,500 Internal Server Error,Not found,Not found
carleasedeals.nyc,10/03/2014 03:44:32 PM,ORG,Error,Error,Error,Error,Error
clearwaterpools.nyc,02/18/2015 08:15:52 PM,ORG,Error,Error,Error,Error,Error
hakkacuisine.nyc,07/29/2020 09:30:54 PM,INDIV,200,https://hakkacuisine.nyc,- HAKKA CUISINE,We want to bring contemporary dishes that respect Chinese classical cuisine traditions that have stood the test of time to New York City.  Hakka (客家),https://hakkacuisine.nyc/wp-content/uploads/2022/07/Layer-4.png
cavaphoto.nyc,07/28/2021 03:24:27 AM,INDIV,403,https://cavaphoto.nyc,403 Forbidden,Not found,Not found
alanhsu.nyc,11/10/2014 04:53:01 PM,ORG,Error,Error,Error,Error,Error
bayanihan.nyc,01/04/2020 08:20:18 PM,INDIV,403,http://littlemanilaqueens.org,403 Forbidden,Not found,Not found
sportsvision.nyc,05/13/2017 01:50:43 PM,INDIV,200,https://sportsvision.nyc,Sportsvison.nyc,"Sports performance begins with sports vision. We test, correct, and train all aspects, and uses, of vision for optimal sports performance!",https://img1.wsimg.com/isteam/ip/f7cf2d94-9a77-4225-b622-c344eeca21b7/image1-0001.jpg
contend.nyc,10/15/2024 06:34:30 PM,ORG,200,https://contend.nyc,contend.nyc - contend Resources and Information.,"contend.nyc is your first and best source for all of the information you’re looking for. From general topics to more of what you would expect to find here, contend.nyc has it all. We hope you find what you are searching for!",Not found
irrevocabletrust.nyc,10/03/2014 03:42:14 PM,INDIV,Error,Error,Error,Error,Error
bignycpass.nyc,10/14/2015 11:41:15 AM,ORG,Error,Error,Error,Error,Error
yentadate.nyc,10/19/2014 11:12:27 PM,INDIV,200,https://yentadate.nyc,yentadate.nyc - yentadate Resources and Information.,yentadate.nyc is your first and best source for information about yentadate. Here you will also find topics relating to issues of general interest. We hope you find what you are looking for!,Not found
eyetour.nyc,11/10/2024 12:32:00 AM,ORG,200,https://eyetour.nyc,Not found,Not found,Not found
meltstudio.nyc,10/09/2021 06:19:17 PM,INDIV,200,https://meltstudio.nyc,Not found,Not found,Not found
operate.nyc,09/04/2020 02:19:05 PM,ORG,200,https://operate.nyc,Not found,Not found,Not found
serviceyear.nyc,10/03/2014 03:32:32 PM,INDIV,200,https://www.serviceyearalliance.org/,Service Year Alliance,"Together with you, we have the potential to make a year of service a common expectation and opportunity for all young Americans.",https://assets.nationbuilder.com/serviceyear/pages/4486/meta_images/original/SY-collage4.jpg?1560221872
formio.nyc,06/03/2015 02:48:50 AM,ORG,Error,Error,Error,Error,Error
thebeautyof.nyc,01/11/2016 12:55:34 AM,ORG,500,https://thebeautyof.nyc,Not found,Not found,Not found
huntingtonfranchise.nyc,10/03/2014 03:48:59 PM,ORG,Error,Error,Error,Error,Error
rhma.nyc,03/04/2023 12:37:08 AM,ORG,200,https://sites.google.com/view/redhook-mutualaid,RED HOOK MUTUAL AID,"Red Hook Mutual Aid is an independent corps of local volunteers.Established during the COVID-19 crisis, we're here to help connect community members to resources, information, and supplies. We offer phone support through a call-back system in five languages.
 (English, Spanish, Arabic,",https://lh4.googleusercontent.com/PGcRQuagEpGfBmNMo8oPrzOcWAkEjK1winSjIjFaA1_B8FFBRgqIKvB8eWb1iQyl7VlphAKuwaV85I729UNS9eJPbVpvHf2wd2AJREG29SX44gBan1LhUUgJeEUm0zbz7w=w1280
pamelageller.nyc,10/09/2014 03:40:06 AM,INDIV,Error,Error,Error,Error,Error
musicprep.nyc,10/03/2015 02:45:45 PM,INDIV,Error,Error,Error,Error,Error
constructioninsurance.nyc,11/14/2014 08:09:20 PM,INDIV,200,https://constructioninsurance.nyc,Home - Construction Insurance,Not found,Not found
cathedra.nyc,09/21/2015 06:41:55 PM,ORG,200,https://cathedra.nyc,Cathedra,"Boutique grooming salon in Harlem, NYC. A new take on the old barbershop trend. Infusion of style, fashion, haircare and skincare,",http://static1.squarespace.com/static/5681bfc94bf118ab16bab0ba/t/568d77e0c21b860adbad5d6b/1452111841598/Logo_PROTO_FIN_BLACK_Texture.png?format=1500w
warburgcb.nyc,10/06/2021 07:36:30 PM,ORG,Error,Error,Error,Error,Error
theempirecity.nyc,11/22/2014 02:19:57 AM,ORG,200,https://theempirecity.nyc,Not found,Not found,Not found
musicrow.nyc,10/03/2014 03:40:47 PM,INDIV,403,https://www.samash.com,samash.com,Not found,Not found
wmea.nyc,05/22/2019 05:22:21 AM,ORG,Error,Error,Error,Error,Error
bsea.nyc,07/26/2015 08:58:02 PM,INDIV,403,https://bsea.nyc,Not found,Not found,Not found
arthritis.nyc,11/02/2014 07:48:37 PM,INDIV,200,https://arthritis.nyc,Not found,Not found,Not found
queensisthenewqueens.nyc,06/21/2021 08:12:51 PM,INDIV,Error,Error,Error,Error,Error
allisonchurchill.nyc,09/30/2020 11:24:24 PM,INDIV,Error,Error,Error,Error,Error
shoes.nyc,02/17/2015 10:07:33 PM,ORG,200,https://shoes.nyc,shoes.nyc - This website is for sale! - shoes Resources and Information.,"This website is for sale! shoes.nyc is your first and best source for all of the information you’re looking for. From general topics to more of what you would expect to find here, shoes.nyc has it all. We hope you find what you are searching for!",Not found
interiordecorators.nyc,10/09/2016 06:48:57 PM,INDIV,200,https://www.interiordecorators.nyc/,interiordecorators.nyc,interiordecorators.nyc - Contact us for any business inquiries,Not found
fauget.nyc,01/30/2024 04:00:47 AM,ORG,Error,Error,Error,Error,Error
greenyc.nyc,11/05/2014 08:18:35 PM,ORG,Error,Error,Error,Error,Error
unionsq.nyc,03/02/2023 05:56:14 AM,INDIV,Error,Error,Error,Error,Error
jonathancoleman.nyc,10/08/2014 06:39:51 PM,INDIV,Error,Error,Error,Error,Error
findhomecare.nyc,09/02/2020 07:21:52 PM,ORG,Error,Error,Error,Error,Error
sabaithai.nyc,02/25/2021 01:51:47 AM,ORG,200,https://www.sabaithai.nyc/,Sabai Thai Restaurant | Thai Dining in New York  |,Central Thai-inspired restaurant nestled in the heart of the Flatiron District.,Not found
stcs.nyc,08/04/2020 03:18:29 PM,ORG,Error,Error,Error,Error,Error
jokerswild.nyc,03/28/2023 08:17:50 AM,INDIV,200,https://jokerswild.nyc,Not found,Not found,Not found
citi-wideexterminating.nyc,10/08/2014 03:01:22 PM,INDIV,200,https://citi-wideexterminating.nyc,Not found,Not found,Not found
edtech.nyc,12/29/2023 06:00:44 PM,ORG,200,https://edtech.nyc,Not found,Not found,Not found
doctork.nyc,03/29/2016 02:34:01 PM,INDIV,Error,Error,Error,Error,Error
daydream.nyc,11/03/2019 07:38:42 AM,ORG,Error,Error,Error,Error,Error
nearearth.nyc,05/14/2022 04:05:47 AM,ORG,Error,Error,Error,Error,Error
joetheplumber.nyc,07/29/2023 12:15:06 PM,INDIV,Error,Error,Error,Error,Error
retinalsurgerycenterny.nyc,10/03/2014 03:35:09 PM,ORG,200,https://retinalsurgerycenterny.nyc,Not found,Not found,Not found
volcano.nyc,10/08/2014 03:00:54 PM,ORG,Error,Error,Error,Error,Error
kerry.nyc,03/23/2024 02:32:04 AM,INDIV,200,https://kerry.nyc,Not found,Not found,Not found
carrentalnewyork.nyc,05/11/2016 07:33:32 AM,INDIV,Error,Error,Error,Error,Error
keepit100.nyc,12/05/2014 07:23:04 PM,ORG,200,https://keepit100.nyc,Not found,Not found,Not found
bookaccess.nyc,10/01/2015 05:55:44 PM,ORG,Error,Error,Error,Error,Error
musictherapy.nyc,07/08/2024 04:37:07 AM,INDIV,200,https://musictherapy.nyc,Music Therapy,Launching Soon,https://img1.wsimg.com/isteam/videos/uA41GmyyG8IMaxXdb
hague.nyc,05/09/2017 07:53:22 PM,INDIV,403,https://hague.nyc,403 Forbidden,Not found,Not found
couture.nyc,02/17/2015 09:45:43 PM,ORG,200,https://couture.nyc,couture.nyc - This website is for sale! - couture Resources and Information.,"This website is for sale! couture.nyc is your first and best source for all of the information you’re looking for. From general topics to more of what you would expect to find here, couture.nyc has it all. We hope you find what you are searching for!",Not found
citibuzz.nyc,10/08/2014 08:26:04 PM,INDIV,200,https://citibuzz.nyc,Not found,Not found,Not found
jacksongroup.nyc,10/08/2014 03:00:35 PM,INDIV,200,https://jacksongroup.nyc,Not found,Not found,Not found
greenapplecleaners.nyc,10/08/2014 04:27:04 PM,INDIV,200,https://greenapplecleaners.nyc,Not found,Not found,Not found
gazis.nyc,11/05/2014 02:03:49 PM,INDIV,Error,Error,Error,Error,Error
teachhubschools.nyc,09/12/2021 08:53:13 AM,INDIV,200,https://teachhubschools.nyc,teachhubschools.nyc,Not found,Not found
acenterfordentalexcellence.nyc,10/22/2014 06:57:30 PM,INDIV,200,https://acenterfordentalexcellence.com/,Home - Center for Dental Excellence,"Cosmetic & General Dentist in Bensonhurst, Brooklyn and Oakwood, Staten Island     

The Latest In Non-Surgical Periodontal Treatment 

Soft Tissue Management (STM)  
Soft Tissue Management (STM) is a Non-Surgical program individually designed for treatment of periodontal (gum) disease.
The goal of STM is to eliminate the",https://acenterfordentalexcellence.com/wp-content/uploads/2022/08/logo-wide-e1661551391592.jpg
somventures.nyc,10/02/2017 08:05:52 PM,ORG,200,http://nyitentrepreneurship.org,"
NYIT SOM-CES Main Page",Not found,Not found
ajfk.nyc,09/04/2022 07:22:50 PM,ORG,200,https://ajfk.nyc,Not found,Not found,Not found
scorefc.nyc,10/08/2014 03:00:15 PM,ORG,Error,Error,Error,Error,Error
ataraxia.nyc,03/20/2015 09:51:25 PM,INDIV,Error,Error,Error,Error,Error
aviweiss.nyc,10/09/2014 04:13:16 AM,INDIV,Error,Error,Error,Error,Error
movingmountain.nyc,06/10/2023 05:50:20 PM,INDIV,Error,Error,Error,Error,Error
thisismy.nyc,10/08/2014 03:00:29 PM,INDIV,Error,Error,Error,Error,Error
bennu.nyc,05/18/2018 02:50:00 AM,INDIV,200,https://bennu.nyc,Not found,Not found,Not found
blogsnark.nyc,04/12/2015 03:13:50 PM,INDIV,200,https://gomiblog.com/redirecting.html,BLOCKED ACCESS * GOMIBLOG®,Not found,Not found
caffeine.nyc,12/23/2015 05:39:04 PM,INDIV,200,https://caffeine.nyc,Not found,Not found,Not found
robbystein.nyc,10/08/2014 03:01:15 PM,INDIV,200,https://robbystein.nyc,Not found,Not found,Not found
glammy.nyc,12/28/2023 01:38:17 PM,ORG,200,https://glammy.nyc,Not found,Not found,Not found
fataorganization.nyc,10/08/2014 03:01:51 PM,ORG,Error,Error,Error,Error,Error
highlinestages.nyc,10/10/2014 03:29:53 AM,ORG,200,https://highlinestages.nyc,Not found,Not found,Not found
willroyall.nyc,10/03/2014 03:46:48 PM,ORG,Error,Error,Error,Error,Error
barc.nyc,05/21/2022 07:15:35 PM,ORG,Error,Error,Error,Error,Error
irvingplacecapital.nyc,10/22/2014 08:12:45 PM,ORG,Error,Error,Error,Error,Error
topaz.nyc,10/10/2023 10:25:58 PM,INDIV,Error,Error,Error,Error,Error
lunt-fontanne-theatre.nyc,04/13/2018 09:51:19 PM,ORG,Error,Error,Error,Error,Error
